,fixed acidity,volatile acidity,citric acid,free sulfur dioxide,total sulfur dioxide,density,pH,alcohol,quality
fixed acidity,,,0.6731047674096311,,,0.6815322516348228,-0.6850789816660315,,
volatile acidity,,,-0.5441730747738189,,,,,,-0.40738325811594744
citric acid,0.6731047674096311,-0.5441730747738189,,,,,-0.5462523402606806,,
free sulfur dioxide,,,,,0.5862779391962257,,,,
total sulfur dioxide,,,,0.5862779391962257,,,,,
density,0.6815322516348228,,,,,,,-0.4947200544548605,
pH,-0.6850789816660315,,-0.5462523402606806,,,,,,
alcohol,,,,,,-0.4947200544548605,,,0.48484243833010204
quality,,-0.40738325811594744,,,,,,0.48484243833010204,
